Date,webTitle,sell
2015-01-01,Man 'linked to Lizard Squad hack' arrested over 2013-14 cyber-fraud,1
2015-01-02,Sony offers discounts after Christmas PlayStation Network hack,0
2015-01-07,Today's media stories from the papers,0
2015-01-09,Today's media stories from the papers,0
2015-01-11,E-reading app Addr: when annotation’s what you need…,1
2015-01-13,Silk Road trial begins as protesters rally round alleged mastermind Ross Ulbricht,1
2015-01-13,David Cameron in 'cloud cuckoo land' over encrypted messaging apps ban,1
2015-01-14,Bitcoin price plunge sparks new crash fears,1
2015-01-15,Swiss franc Q&A – what the currency changes mean for tourists,0
2015-01-16,The 'internet weirdos' of bitcoin are changing the way money works,1
2015-01-16,Man held over 'Lizard Squad' cyber-attacks on PSN and Xbox Live,1
2015-01-16,Mark Ronson webchat – as it happened,1
2015-01-19,Lizard Squad's LizardStresser site hacked with customer details leaked,0
2015-01-19,Happy shoppers: the art collective buying ecstasy on the deep web,0
2015-01-20,Banking in the digital age: the failure of financial regulation,1
2015-01-21,Today's media stories from the papers,0
2015-01-26,Today's media stories from the papers,0
2015-01-28,Convicting the Silk Road founder won't stop the booming digital drug trade | Mike Power,1
2015-01-29,"Artificial intelligence will become strong enough to be a concern, says Bill Gates",0
2015-01-29,Sundance 2015: Dope review – easily meme-worthy teen comedy,0
2015-02-02,Redditcoin quietly killed off and lead developer fired,0
2015-02-03,Bitcoin: will 2015 be a make-or-break year?,1
2015-02-03,What you should know about fintech and its positive powers,1
2015-02-05,Silk Road's 'Dread Pirate Roberts' convicted of running online drug marketplace,1
2015-02-20,Stripe launches bitcoin support - one year too late?,0
2015-02-22,Can a Bitcoin-style virtual currency solve the Greek financial crisis?,1
2015-02-23,Greek bailout: Athens reform plan delayed until Tuesday - as it happened,0
2015-02-26,Ecuador launches new digital currency – but most residents know little about it,0
2015-03-03,"Progress on ending poverty, why hunger persists and withholding aid to Ethiopia",0
2015-03-06,"21 tips, tricks and shortcuts to help you stay anonymous online",0
2015-03-09,Are virtual currencies a plus for poor countries? – podcast transcript,0
2015-03-18,Bitcoin 'exit scam': deep-web market operators disappear with $12m,1
2015-03-26,Osborne gives bitcoin a vote of confidence,0
2015-03-30,Undercover federal agents in Silk Road case accused of fraud,0
2015-04-03,The Dark Net by Jamie Bartlett review – do anonymity and connectivity free the darker sides of our nature?,1
2015-04-03,Game of drones: Cheika’s welcome call for more gut feel in 'datafied' rugby,1
2015-04-07,Today’s media stories from the papers,1
2015-04-07,Rand Paul announces 2016 presidential bid: 'I am putting myself forward' – as it happened,1
2015-04-08,The London startup rebooting remittances,1
2015-04-10,Want to disguise your love of Rand Paul? Send the senator some Bitcoin,1
2015-04-14,Paedophiles sell child abuse images for bitcoin,1
2015-04-16,Mobile money: why isn't the M-Pesa effect hitting more countries?,0
2015-04-24,Fintech revolutionaries storm the barricades of traditional banking,1
2015-04-24,Liberland: hundreds of thousands apply to live in world's newest 'country',1
2015-04-29,Bitcoin behemoth Coinbase launches in the UK,1
2015-05-13,Nasdaq bets on bitcoin's blockchain as the future of finance,1
2015-05-18,'Le selfie' enters dictionary as France learns to embrace the unbearable,1
2015-05-21,'We're all news junkies': why The Good Wife writing team is one of TV's sharpest,1
2015-05-23,Bitcoins really are useful. But not in the way you think | John Naughton,1
2015-05-29,Ross Ulbricht begs judge: 'Please leave light at end of tunnel' with sentencing,0
2015-05-30,"Is Ross Ulbricht, Silk Road’s pirate king, a mobster or a martyr?",1
2015-05-31,Spinning gold into dollars: how BitGold intends to become a new standard,1
2015-05-31,Silk Road sentencing: why governments can't win the war on darknet drugs,1
2015-06-01,Bitcoin app issues critical update after rare bug leads to total crypto breakdown,1
2015-06-02,Digital Gold: The Untold Story of Bitcoin review – where there’s geeks there’s brass,0
2015-06-02,'Ransomware-as-a-service' discovered on the darknet,0
2015-06-03,Surveillance reform explainer: can the FBI still listen to my phone calls?,0
2015-06-04,Multinational firm paid ransom in bitcoins to hackers who broke into systems,1
2015-06-05,Fighting online abuse of children has driven it underground - report,0
2015-06-07,Global Drug Survey 2015 shows more people buying online than ever before,1
2015-06-13,Has cash had its day?,0
2015-06-15,Indie teen comedy Dope to become first film to accept Bitcoin payments,0
2015-06-15,Reddit users flee to Swiss copy Voat after harassment clampdown,0
2015-06-29,Bitcoin fans eye potential in Greek crisis,0
2015-07-01,MasterCard and Visa sever ties with Backpage 'adult' section,1
2015-07-02,What to do this Fourth of July: a complete cultural guide,1
2015-07-07,You need never use a bank again. Here's why,1
2015-07-08,The New York Stock Exchange goes down: inside the dystopian aftermath | Molly Crabapple,0
2015-07-09,"Help, I've been hacked – have I lost all my files?",1
2015-07-14,Could blockchain technology solve streaming music’s payment rows?,1
2015-07-16,"Dear Labour, it is no longer OK not to get the internet | Gaby Hinsliff",1
2015-07-21,"Man ordered 'Breaking Bad-style' ricin delivery from FBI agent, court hears",1
2015-07-29,Breaking Bad fan found guilty of ordering ricin delivery from FBI agent,1
2015-08-01,Ex-boss of MtGox bitcoin exchange arrested in Japan over lost $390m,1
2015-08-05,Yahoo users hit by 'malvertising' campaign,1
2015-08-11,"Skateboards, drones and your brain: everything got hacked",0
2015-08-11,"Advertisers want your attention, but how do they know they have it?",0
2015-08-17,Bitcoin's forked: chief scientist launches alternative proposal for the currency,0
2015-08-28,Six bailed teenagers accused of cyber attacks using Lizard Squad tool,0
2015-09-01,"Credit cards with chips are coming to the US, but I promise it'll be fine | Oliver Burkeman",1
2015-09-06,Imogen Heap: saviour of the music industry?,0
2015-09-08,"From BuyMyFace to bitcoin, what's next for young entrepreneur Ed?",0
2015-09-12,Musicians back coding solution to win fair deal for artists,1
2015-09-14,Mt Gox CEO charged with embezzling £1.7m worth of bitcoin,0
2015-09-18,"UK interest rates may have to be cut, warns Bank of England chief economist",1
2015-09-18,Stock markets rattled after dovish Fed leaves rates unchanged,1
2015-09-20,Want a cheap Uber taxi? Wait till no one else wants one,1
2015-09-20,Greece’s real tragedy is that it’s just the second act in a ‘crisis trilogy’ threatening the rest of the world,1
2015-09-30,£1984: does a cashless economy make for a surveillance state?,1
2015-10-02,Live stream: Imogen Heap releases Tiny Human using blockchain technology,1
2015-10-11,British Art Show 8 review – a long haul in art’s touring caravan,0
2015-10-11,Female technology journalists report abuse is still the name of the game,0
2015-10-14,Music labels sue Aurous filesharing app for 'copyright theft on a massive scale',1
2015-10-20,Turnbull's financial system changes: how they affect you,0
2015-10-30,Stolen credit card details available for £1 each online,0
2015-11-05,ProtonMail: encrypted email provider held ransom by hackers,1
2015-11-10,US charges four men in 'one of the largest hacking schemes ever',1
2015-11-20,The Fiver | Two whopping great slabs of serrano ham,1
2015-11-22,"Uber is certainly slick, but it’s not ‘disruptive’",1
2015-11-23,Former bitcoin companies are erasing their embarrassing 'bit's,0
2015-12-01,Zoella and the YouTubers: they let us write pointless books!,1
2015-12-08,"Bitcoin creator Satoshi Nakamoto probably Australian entrepreneur, reports claim",0
2015-12-09,The Guardian view on bitcoin: the ghost behind the machine | Editorial,1
2015-12-09,Who is Bitcoin creator Satoshi Nakamoto? Does it even matter?,1
2015-12-09,Reported bitcoin 'founder' Craig Wright's home raided by Australian police,1
2015-12-09,Who is Craig Wright and how likely is it that he's behind bitcoin?,1
2015-12-09,"Man buys $27 of bitcoin, forgets about them, finds they're now worth $886k",1
2015-12-10,Bitcoin creator Satoshi Nakamoto denies being Craig Wright (maybe),1
2015-12-27,You won’t believe what happened next year… | David Mitchell,0
2016-01-15,Senior bitcoin developer says currency 'failed experiment',1
2016-01-18,Stocks turmoil: FTSE 100 hits three-year low after oil falls through $28 - as it happened,0
2016-01-20,Ten arrested in Netherlands over bitcoin money-laundering allegations,0
2016-01-22,'We talked diseases for days': the making of a modern opera,1
2016-01-24,Is Blockchain the most important IT invention of our age? | John Naughton,0
2016-01-28,Bitcoin and darknet are making it harder to track online child abuse,1
2016-01-29,The Good Wife review: never ‘great TV’ but top-quality drama,0
2016-02-02,"Ex-Secret Service agent who stole $800,000 in bitcoin newly arrested",0
2016-02-05,Brace yourself for a cyber-tsunami – the six biggest waves of change about to hit the world,1
2016-02-08,Bitcoin Group delays public listing on Australian Stock Exchange,1
2016-02-10,Hacking gold in Hearthstone? You're probably just hacking yourself,0
2016-02-11,Online market 'is turning drug dealers from goons to geeks',1
2016-02-15,"Kanye West claims to be $53m in debt, and asks Mark Zuckerberg for help",1
2016-02-16,Los Angeles hospital returns to faxes and paper charts after cyberattack,0
2016-02-16,Cash-only marijuana dispensaries flood California tax office with paper,0
2016-02-18,"Los Angeles hospital paid $17,000 in bitcoin to ransomware hackers",0
2016-02-25,Japan considers making bitcoin a legal currency,1
2016-03-02,Could a bitcoin-style monetary system spell the end for Britain's banks?,1
2016-03-03,Spouses of Ashley Madison users targeted with blackmail letters,1
2016-03-13,Your next car will be hacked. Will autonomous vehicles be worth it?,0
2016-03-13,Is block power about to revolutionise banking? | John Naughton,0
2016-03-14,"Millennials, technology will not save your generation",0
2016-03-16,Major sites including New York Times and BBC hit by 'ransomware' malvertising,1
2016-03-16,Where have all the art punks gone?,1
2016-03-21,Why we should fear a cashless world | Dominic Frisby,0
2016-04-01,Today's media stories from the papers,0
2016-04-06,Barclays backs UK launch of Circle money transfer app,1
2016-04-07,Drug dealers using Instagram and Tinder to find young customers,0
2016-04-11,Synthetic opiate makers stay step ahead of US drug laws as overdose cases rise,1
2016-04-20,Facebook considers tip jar proposal as part of push to monetise posts,0
2016-04-22,HullCoins well spent? City's 'Bitcoin for volunteers' offers a new way to pay,1
2016-04-29,Who invented the cash machine? I did – and all I earned was £10,0
2016-05-02,Craig Wright: scepticism surrounds bitcoin inventor's identification,1
2016-05-02,Is Craig Wright the reluctant multimillionaire behind Bitcoin?,1
2016-05-02,Australian Craig Wright claims he is bitcoin founder Satoshi Nakamoto,1
2016-05-03,The battle over the future of bitcoin,0
2016-05-03,The true fascination of bitcoin is not its mystery inventor | Dominic Frisby,0
2016-05-03,Craig Wright's claim to be bitcoin founder labelled a 'scam',0
2016-05-04,Bitcoin: Craig Wright promises new evidence to prove identity,1
2016-05-04,"Sir David Attenborough, you askin’? I’m starstruck | Peter Bradshaw",1
2016-05-05,Craig Wright U-turns on pledge to provide evidence he invented bitcoin,0
2016-05-05,How The Good Wife transformed TV,0
2016-05-06,Bitcoin project blocks out Gavin Andresen over Satoshi Nakamoto claims,0
2016-05-14,Zimbabwe’s trillion-dollar note: from worthless paper to hot investment,1
2016-05-22,Prosecution for sharing legal highs with friends unlikely under ban,1
2016-05-25,Billionaire's revenge: Facebook investor Peter Thiel’s nine-year Gawker grudge,0
2016-06-06,Welcome to a cashless future where retailers recognise our faces,0
2016-06-06,Cody Wilson: the man who wants Americans to print their own 3D guns,0
2016-06-23,"Goodbye to The Good Wife, a miracle of the small screen",0
2016-06-24,Brexit panic wipes $2 trillion off world markets - as it happened,0
2016-07-05,European commission announces crackdown on corporate tax loopholes,0
2016-07-06,Blockchain Revolution review – Satoshi Nakamoto’s world-changing innovation,0
2016-07-07,"Blockchain: the answer to life, the universe and everything?",1
2016-07-25,Africa's tech pioneers: 'We have become an internet-consuming culture',1
2016-07-26,Bitcoin 'not real money' says Miami judge in closely watched ruling,1
2016-07-27,Silicon nightmare: it's lonely work in Yuri Pattison's ghost office,1
2016-07-28,How can I remove a ransomware infection?,0
2016-08-02,Blockchain businesses embark on world-changing projects,1
2016-08-03,Could bitcoin change the game in Africa?,0
2016-08-03,Bitcoin worth $78m stolen from Bitfinex exchange in Hong Kong,0
2016-08-03,Ransomware threat on the rise as 'almost 40% of businesses attacked',0
2016-08-04,"Mr Robot recap: season two, episode five – big trouble in China",0
2016-08-11,"Democracy, forests and finance: the tech making Africa a better place",1
2016-08-22,Is bitcoin the answer if traditional investments are letting you down?,0
2016-08-25,The alt right is old racism for the tech-savvy generation | Giles Fraser | Loose canon,1
2016-08-26,Simon Denny: the artist explaining blockchain with Pokémon,0
2016-09-04,The NSA’s stash of digital holes is a threat to everyone online | John Naughton,0
2016-09-05,"Best TV of the week: Atlanta, One Mississippi and Oprah’s latest drama",1
2016-09-07,Blockchain technology trialled to tackle slavery in the fishing industry,0
2016-09-09,Isis is as much an offshoot of our global civilisation as Google,1
2016-09-13,Two Americans involved in hacking of CIA director appear in court,0
2016-09-15,Mr Robot recap: season two episode 11 – it's all gone Twin Peaks,1
2016-10-04,"Alleged killer of antiques dealer had list of famous targets, jury told",0
2016-10-07,Elena Ferrante and the trouble with anonymity,0
2016-10-11,The eight technologies every entrepreneur should know about,0
2016-10-21,A cashless future? Sounds like a dream but don’t be fooled | Gaby Hinsliff,0
2016-10-22,City banks plan to hoard bitcoins to help them pay cyber ransoms,0
2016-10-23,Could online democracy lead to governance by Trumps and trolls?,0
2016-10-26,Iceland election could propel radical Pirate party into power,0
2016-10-30,Iceland elections leave ruling centre-right party in driving seat,1
2016-10-30,Iceland election: tight race to form government as counting begins,1
2016-10-31,Politics has gone wrong. Is digital technology to blame? | David Runciman,1
2016-11-05,'Employ women and don't be afraid to make money': tech's future in Africa,1
2016-11-12,Catch-up and download: From Sunny D to StartUp,1
2016-11-24,How can I protect myself from government snoopers?,1
2016-11-27,Why the US government wants to bring cryptocurrency out of the shadows,1
2016-11-28,Ransomware attack on San Francisco public transit gives everyone a free ride,0
2016-11-30,BuzzConf 2016: gaming and tech meets bush doof in country Victoria,0
2016-12-03,"What links hedgehogs, dormice and bats? The Weekend quiz",1
2016-12-11,Pills that kill: why are thousands dying from fentanyl abuse?,1
2016-12-12,New 'nasty' ransomware encourages victims to attack other computers,0
2016-12-12,New 'nasty' ransomware encourages victims to attack other computers,0
2016-12-13,The case for despair is made. Now let’s start to get out of the mess we’re in | George Monbiot,0
2016-12-16,Growing number of Venezuelans trade bolivars for bitcoins to buy necessities,0
2016-12-17,How people are preparing for Trump's presidency,0
2017-01-02,"Bitcoin tops $1,000 for first time in three years as 2017 trading begins",0
2017-01-06,"US created fewer jobs than expected, but Dow and FTSE hit new peaks – as it happened",1
2017-01-11,Julian Assange faces questions on links to Russia from Reddit users,1
2017-01-17,Blockchain: what is it and what does it mean for development?,0
2017-01-23,Ransomware attack paralyses St Louis libraries as hackers demand bitcoins,1
2017-01-25,Mark Carney: internet-only lenders pose risk to UK financial system,0
2017-01-25,"‘Choose Facebook, revenge porn, zero hours': what does the Trainspotting speech mean today?",0
2017-02-09,Russian hacking group's 'last member at liberty' comes out of the shadows,1
2017-02-19,Eco road trip: Los Angeles to Las Vegas by Tesla,1
2017-03-09,Google's DeepMind plans bitcoin-style health record tracking for hospitals,0
2017-03-10,"Living off-grid in India, am I the only one left who believes in globalisation?",1
2017-04-10,Do digital currencies spell the end of capitalism?,1
2017-04-11,Meet the millennials making big money riding China's bitcoin wave,0
2017-04-12,From nasty to nice: how adblockers are trying to pivot,1
2017-04-13,How should I protect my Windows PC from malware and viruses?,1
2017-04-21,Guardian event: progress in Latin America is 'starting to plateau',1
2017-04-21,Evento de The Guardian: El progreso en Latinoamérica está comenzando a desacelerarse,1
2017-04-24,"Israeli teen accused of 2,000 bomb hoax calls and blackmail",0
2017-04-24,Wikipedia founder to fight fake news with new Wikitribune site,0
2017-04-26,Prague's cryptocurrency cafe: perfect brew of beans and bitcoins,0
2017-04-28,Make it your hone: the ebook that you are forced to edit as you read,1
2017-05-09,Budget 2017 summary: the winners and losers at a glance,0
2017-05-12,What is WannaCry ransomware and why is it attacking global computers?,1
2017-05-12,Massive ransomware cyber-attack hits nearly 100 countries around the world,1
2017-05-13,"Criminals behind cyber-attack have raised just $20,000, experts say",0
2017-05-13,"Disruption from cyber-attack to last for days, says NHS Digital – as it happened",0
2017-05-13,The ransomware attack is all about insufficient funding of the NHS | Charles Arthur,0
2017-05-13,Do state institutions have the resources to fight hackers?,0
2017-05-13,'Accidental hero' halts ransomware attack and warns: this is not over,0
2017-05-13,NHS seeks to recover from global cyber-attack as security concerns resurface,0
2017-05-14,Cyber-attacks highlight growing vulnerability of us all | Letters,0
2017-05-15,Digital gold: why hackers love Bitcoin,1
2017-05-15,Digital gold: why hackers love Bitcoin,1
2017-05-15,Did you pay money as a victim of ransomware?,1
2017-05-15,"WannaCry ransomware has links to North Korea, cybersecurity experts say",1
2017-05-15,Ransomware attacks: Putin says Russia is not responsible - as it happened,1
2017-05-15,Who is to blame for exposing the NHS to cyber-attacks?,1
2017-05-15,"Cyber-attack set to escalate as working week begins, experts warn",1
2017-05-16,Pirates of the Caribbean 5: hackers threaten to post film online unless Disney pays ransom,1
2017-05-16,Google DeepMind 1.6m patient record deal 'inappropriate',1
2017-05-31,Hackers publish private photos from cosmetic surgery clinic,0
2017-06-04,Forget far-right populism – crypto-anarchists are the new masters,1
2017-06-17,Will social media kill the novel? Andrew O'Hagan on the end of private life,0
2017-06-22,Women’s Cricket World Cup: team-by-team guide to the tournament | Vithushan Ehantharajah,0
2017-06-24,The Secret Life by Andrew O’Hagan review – Assange and other internet outlaws,1
2017-06-27,'Petya' ransomware attack strikes companies across Europe and US,0
2017-06-28,'Petya' ransomware attack: what is it and how can it be stopped?,1
2017-06-28,"Ransomware attack 'not designed to make money', researchers claim",1
2017-06-29,How can I invest in bitcoin?,1
2017-06-29,How can I invest in bitcoin?,1
2017-06-29,Applauding a public sector pay cap? Tories are cheering their own demise | Polly Toynbee,1
2017-06-29,"Trains, planes and automobiles: the transport systems embracing smart tech",1
2017-07-01,"Can you buy anything real with Bitcoin? On the streets of Bristol, it proves a hard sell",1
2017-07-01,Are cryptocurrencies about to go mainstream?,1
2017-07-03,The Medicare machine: patient details of 'any Australian' for sale on darknet,0
2017-07-04,Inside the darknet: where Australians buy and sell illegal goods,0
2017-07-05,Hackers who targeted Ukraine clean out bitcoin ransom wallet,1
2017-07-05,Hackers who targeted Ukraine clean out bitcoin ransom wallet,1
2017-07-10,Initial coin offerings: cryptocurrency's next high-risk big money maker,1
2017-07-11,Head of Mt Gox bitcoin exchange on trial for embezzlement and loss of millions,1
2017-07-12,Could a blockchain-based electricity network change the energy market?,0
2017-07-13,"Radical Technologies by Adam Greenfield review – luxury communism, anyone?
",1
2017-07-20,Dark web marketplaces AlphaBay and Hansa shut down,0
2017-07-23,The Guardian view on cryptocurrencies: bubble and chic | Editorial,1
2017-07-26,Virtual reality hit when I tried to cash in my bitcoins,1
2017-07-26,You can’t justify the gender pay gap. But the Alan Partridge types will try | Peter Bradshaw,1
2017-07-27,'Criminal mastermind' of $4bn bitcoin laundering scheme arrested,0
2017-07-27,'Criminal mastermind' of $4bn bitcoin laundering scheme arrested,0
2017-07-31,Why bitcoin and its digital cousins are under increasing scrutiny,0
2017-07-31,Why bitcoin and its digital cousins are under increasing scrutiny,0
2017-07-31,Royal Marine who supplied arms for Irish republican attacks jailed for 18 years,0
2017-08-03,"WannaCry: hackers withdraw £108,000 of bitcoin ransom",0
2017-08-03,"WannaCry: hackers withdraw £108,000 of bitcoin ransom",0
2017-08-03,Briton who stopped WannaCry attack arrested over separate malware claims,0
2017-08-03,Stolen nude photos and hacked defibrillators: is this the future of ransomware?,0
2017-08-05,WannaCry 'hero' to plead not guilty to accusation he wrote banking malware,0
2017-08-08,Game of Thrones stars' personal details leaked as HBO hackers demand ransom,0
2017-08-11,"HBO offered hackers $250,000 'bug bounty', leaked email claims",0
2017-08-14,"Markets move higher as Japanese growth beats forecasts, but EU data disappoints - as it happened",0
2017-08-23,The dilemma of the dark web: protecting neo-Nazis and dissidents alike,0
2017-08-25,Why HBO was right to stand its ground against Game of Thrones hackers,0
2017-08-31,From hope to hate: how the early internet fed the far right,0
2017-09-04,London developer to allow rental tenants to pay deposits in bitcoin,1
2017-09-04,London developer to allow rental tenants to pay deposits in bitcoin,1
2017-09-05,Cryptocurrency boom stalls as regulators focus on ICOs,0
2017-09-08,"Bunk beds, roaches and nerdy geniuses: my year in a Silicon Valley hacker house",1
2017-09-11,"Gibraltar in the spotlight: the Rock in a hard place over Brexit, tax … and sewage",0
2017-09-12,"Bitcoin investors could lose all their money, FCA warns",1
2017-09-12,"Bitcoin investors could lose all their money, FCA warns",1
2017-09-13,"Bitcoin is a fraud that will blow up, says JP Morgan boss",1
2017-09-13,"Bitcoin is a fraud that will blow up, says JP Morgan boss",1
2017-09-13,"Might, not right: betting firms get their due on fixed-odds machines",1
2017-09-13,UK households 'at breaking point' as real wages continue to fall - as it happened,1
2017-09-13,'A perpetual state of love and hate': readers on what it means to be American,1
2017-09-13,Autonomous vehicles livechat best bits,1
2017-09-14,From Silk Road to ATMs: the history of bitcoin,1
2017-09-14,From Silk Road to ATMs: the history of bitcoin,1
2017-09-15,Don’t let the bankers fool you: bitcoin is here to stay | Dominic Frisby,0
2017-09-15,Bitcoin value plummets after China orders trading in currency to cease,0
2017-09-15,Don’t let the bankers fool you: bitcoin is here to stay | Dominic Frisby,0
2017-09-15,Bitcoin value plummets after China orders trading in currency to cease,0
2017-09-15,Medicare details sold on darknet not obtained by hacking but from ‘legitimate channel’,0
2017-09-17,Don’t dismiss bankers' predictions of a bitcoin bubble – they should know,1
2017-09-17,Don’t dismiss bankers' predictions of a bitcoin bubble – they should know,1
2017-09-17,"Growing risk of 'debt trap' if interest rates stay low, say central bankers",1
2017-09-25,Drug dealer using dark web to sell fentanyl jailed for over 13 years,0
2017-09-27,Ads don't work so websites are using your electricity to pay the bills,0
2017-09-28,Trip to world beard competition ends in arrest for alleged dark web drug dealer,1
2017-09-29,UK growth slows; London house prices fall – as it happened,0
2017-09-30,Wolf of Wall Street's Jordan Belfort: 'The lessons of the crash have been forgotten',0
2017-10-01,Will bitcoin ever be a safe investment or always a gamble?,0
2017-10-01,Will bitcoin ever be a safe investment or always a gamble?,0
2017-10-02,Archaeology and blockchain: a social science data revolution?,0
2017-10-08,Warnings grow louder over cryptocurrency as valuations soar,0
2017-10-09,Introducing the new celebrity accessory: bitcoin-style cryptocurrencies,0
2017-10-09,Introducing the new celebrity accessory: bitcoin-style cryptocurrencies,0
2017-10-09,Bitcoin's price bubble will burst under government pressure | Kenneth Rogoff,0
2017-10-12,"Bitcoin price soars above $5,000 to record high",0
2017-10-12,"Bitcoin price soars above $5,000 to record high",0
2017-10-12,FTSE 100 hits record closing high as Brexit rattles the pound - as it happened,0
2017-10-13,"World stocks hits fresh highs, as bitcoin keeps climbing – as it happened",0
2017-10-13,"World stocks hits fresh highs, as bitcoin keeps climbing – as it happened",0
2017-10-13,Cryptocurrency craze wins over Harry Redknapp – but gets red card from others | Nils Pratley,0
2017-10-14,"In the contactless payment era, why is cash making a comeback?",0
2017-10-15,"Corbyn has a Washington ally on taxing the rich. But no, it’s not Trump",1
2017-10-16,UK accounts for largest share of darknet fentanyl sales in Europe,0
2017-10-17,iPhone X: how to sell your old device in preparation for Apple's new release,1
2017-10-20,Punk IPO? BrewDog ponders ways to fund new expansion,0
2017-10-22,How I stopped worrying and learned to love Brexit | Arwa Mahdawi,1
2017-10-22,Morning mail: Shinzo Abe returned in landslide,1
2017-10-24,Changing Media Summit 2018 programme,1
2017-10-25,Bad Rabbit: Game of Thrones-referencing ransomware hits Europe,0
2017-10-26,"NHS could have avoided WannaCry hack with 'basic IT security', says report",0
2017-11-03,Fever Ray’s To The Moon and Back: a kinky slice of squelchy synth-pop,0
2017-11-08,'$300m in cryptocurrency' accidentally lost forever due to bug,0
2017-11-11,Everything you wanted to know about bitcoin but were afraid to ask,1
2017-11-11,Everything you wanted to know about bitcoin but were afraid to ask,1
2017-11-12,Björk: ‘People miss the jokes. A lot of it is me taking the piss out of myself’,1
2017-11-17,"Bitcoin breaks $8,000 barrier amid speculation over spin-off",1
2017-11-17,"Bitcoin breaks $8,000 barrier amid speculation over spin-off",1
2017-11-17,Mario Draghi: eurozone growth depends on central bank support  - as it happened,1
2017-11-22,'We could build something revolutionary': how tech set underground music free,0
2017-11-23,The Guardian view on cryptocurrencies: blockchain of fools | Editorial,1
2017-11-26,The trouble with big data is the huge energy bill | John Naughton,0
2017-11-26,The trouble with big data is the huge energy bill | John Naughton,0
2017-11-26,We need new words to explain these curious times. How about ‘coffused’ or ‘procrastinetflix’? | Arwa Mahdawi,0
2017-11-27,"Bitcoin nears $10,000 mark as hedge funds plough in",0
2017-11-27,Bitcoin mining consumes more electricity a year than Ireland,0
2017-11-27,"Bitcoin nears $10,000 mark as hedge funds plough in",0
2017-11-27,Bitcoin mining consumes more electricity a year than Ireland,0
2017-11-27,"Chinese stocks fall to three-month low, but bitcoin and Wall Street hit new highs -as it happened",0
2017-11-28,"As Bitcoin surges in value, Elon Musk denies he's its mysterious inventor",0
2017-11-28,"As Bitcoin surges in value, Elon Musk denies he's its mysterious inventor",0
2017-11-28,What the papers say about Prince Harry and Meghan Markle's engagement,0
2017-11-28,Tuesday briefing: Brexit files – the truth is not in there,0
2017-11-29,"Bitcoin has broken the $10,000 barrier – and this run can go further | Dominic Frisby",1
2017-11-29,"Bitcoin price soars above $11,000 as central bankers seek to calm fears",1
2017-11-29,"Bitcoin has broken the $10,000 barrier – and this run can go further | Dominic Frisby",1
2017-11-29,"Bitcoin price soars above $11,000 as central bankers seek to calm fears",1
2017-11-29,Pound rallies on £50bn Brexit bill hopes; US growth revised up – as it happened,1
2017-11-29,Why scrapping bonus cap could be a hard sell for Mark Carney,1
2017-11-30,"Bitcoin is a vehicle for fraudsters, warns Goldman Sachs boss",0
2017-11-30,"Opec extends oil production cuts; bitcoin plunges below $10,000 – as it happened",0
2017-11-30,"Bitcoin is a vehicle for fraudsters, warns Goldman Sachs boss",0
2017-11-30,"Opec extends oil production cuts; bitcoin plunges below $10,000 – as it happened",0
2017-12-01,UK factories enjoy best month in four years as orders surge - as it happened,0
2017-12-02,Bitcoin bubble? The warnings from history,0
2017-12-02,Bitcoin: is it a bubble waiting to burst or a good investment?,0
2017-12-02,Bitcoin bubble? The warnings from history,0
2017-12-02,Bitcoin: is it a bubble waiting to burst or a good investment?,0
2017-12-03,Bitcoin investors hoping to make billions may end up with a sack of fool’s gold,0
2017-12-03,Bitcoin investors hoping to make billions may end up with a sack of fool’s gold,0
2017-12-04,How the Winklevoss twins became the world’s first bitcoin billionaires,0
2017-12-04,Bitcoin: UK and EU plan crackdown amid crime and tax evasion fears,0
2017-12-04,How the Winklevoss twins became the world’s first bitcoin billionaires,0
2017-12-04,Bitcoin: UK and EU plan crackdown amid crime and tax evasion fears,0
2017-12-04,Monday briefing: Brexit faces hold up on the Irish border,0
2017-12-05,Make a fast million from bitcoin? My soul is damaged enough already | Julian Baggini,0
2017-12-05,Make a fast million from bitcoin? My soul is damaged enough already | Julian Baggini,0
2017-12-05,UK car sales fall for 8th month running; anger over rail fares rise – as it happened,0
2017-12-06,"Markets edgy on geopolitical worries, but bitcoin surges through $12,000 - as it happened",0
2017-12-06,"Markets edgy on geopolitical worries, but bitcoin surges through $12,000 - as it happened",0
2017-12-07,"Bitcoin: $64m in cryptocurrency stolen in 'sophisticated' hack, exchange says",0
2017-12-07,"Bitcoin surges over $15,000 despite 'Dante's Inferno' warning – as it happened",0
2017-12-07,"RBS boss likens bitcoin to Dante’s Inferno as currency tops $15,000",0
2017-12-07,"Bitcoin: $64m in cryptocurrency stolen in 'sophisticated' hack, exchange says",0
2017-12-07,"Bitcoin surges over $15,000 despite 'Dante's Inferno' warning – as it happened",0
2017-12-07,"RBS boss likens bitcoin to Dante’s Inferno as currency tops $15,000",0
2017-12-07,Morning mail: protests against Trump's Jerusalem move turn violent,0
2017-12-08,Bitcoin ends dramatic week with 20% slump followed by recovery,1
2017-12-08,Bitcoin ends dramatic week with 20% slump followed by recovery,1
2017-12-08,GVC and Ladbrokes Coral: David gambles on Goliath | Nils Pratley,1
2017-12-08,UK firms say 'the hard work on Brexit starts now' - as it happened,1
2017-12-08,Friday briefing: May hustles to Brussels with Irish border deal,1
2017-12-10,Liam Fox seeks to spearhead tech giants’ grab for ‘digital oil’,0
2017-12-11,Bitcoin bubble warnings issued  as futures trading opens in Chicago,0
2017-12-11,"Bitcoin price surges as futures trading begins, despite bubble warnings – as it happened",0
2017-12-11,Missed the bitcoin boom? Five more baffling cryptocurrencies to blow your savings on,0
2017-12-11,Bitcoin bubble warnings issued  as futures trading opens in Chicago,0
2017-12-11,"Bitcoin price surges as futures trading begins, despite bubble warnings – as it happened",0
2017-12-11,Missed the bitcoin boom? Five more baffling cryptocurrencies to blow your savings on,0
2017-12-11,Monday briefing: Maybe give today a miss,0
2017-12-12,Bitcoin buyer beware: US SEC warns 'extreme caution' over cryptocurrency investments,0
2017-12-12,Bitcoin buyer beware: US SEC warns 'extreme caution' over cryptocurrency investments,0
2017-12-12,Inside the 15 December edition,0
2017-12-12,"UK faces Christmas squeeze as inflation hits 3.1%, outpacing wages – as it happend",0
2017-12-13,Billions of video site visitors unwittingly mine cryptocurrency as they watch,1
2017-12-13,Wednesday briefing: Alabama drama ding-dong,1
2017-12-15,Is Bitcoin the new way of doing business? At the moment it's slow and costly | John Quiggin,0
2017-12-15,Is Bitcoin the new way of doing business? At the moment it's slow and costly | John Quiggin,0
2017-12-15,Cryptocurrencies: City watchdog to investigate new fundraising trend,0
2017-12-17,Bring a little Christmas cheer with a cryptocurrency,1
2017-12-17,"What Google search trends tell us about 2017 (we like making slime, mostly) | Arwa Mahdawi",1
2017-12-18,Bitcoin bubble warnings grow louder as futures trading begins on CME – as it happened,1
2017-12-18,Bitcoin bubble warnings grow louder as futures trading begins on CME – as it happened,1
2017-12-19,"Bitcoin not a threat to financial stability, say European economists",1
2017-12-19,"Bitcoin not a threat to financial stability, say European economists",1
2017-12-20,"Bank of England Carney says UK is banker for Europe, IMF welcomes Brexit progress –as it happened",1
2017-12-21,Tiny US soft drinks firm changes name to cash in on bitcoin mania,1
2017-12-21,Tiny US soft drinks firm changes name to cash in on bitcoin mania,1
2017-12-22,Carols and a nativity play are all part of Christmas nostalgia | Emma Brockes,1
2017-12-22,"UK annual growth revised up, but FTSE 100 drops back from record high - as it happened",1
2017-12-22,Friday briefing: division reigns in Catalonia,1
2017-12-23,Theresa May says 2017 hasn't been too bad for her. Is she delusional? | John Crace,0
2017-12-23,Complacent regulators have two years to prevent a financial crash,0
2017-12-24,Pineapple Fund: why is an anonymous bitcoin millionaire giving away $86m?,1
2017-12-24,"Bitcoin is a bubble, but the technology behind it could transform the world | Will Hutton",1
2017-12-24,Pineapple Fund: why is an anonymous bitcoin millionaire giving away $86m?,1
2017-12-24,"Bitcoin is a bubble, but the technology behind it could transform the world | Will Hutton",1
2017-12-24,The night before | Eva Wiseman,1
2017-12-27,London stock market hits record high but bitcoin wobbles - as it happened,1
2017-12-27,London stock market hits record high but bitcoin wobbles - as it happened,1
2017-12-28,"Bitcoin falls $1,000 after South Korea promises crackdown on trading",1
2017-12-28,"The year in business: bitcoin boom, Brexit countdown and Uber trouble",1
2017-12-28,FTSE 100 hits record high; Bitcoin falls as South Korea announces crackdown - as it happened,1
2017-12-28,"Bitcoin falls $1,000 after South Korea promises crackdown on trading",1
2017-12-28,"The year in business: bitcoin boom, Brexit countdown and Uber trouble",1
2017-12-28,FTSE 100 hits record high; Bitcoin falls as South Korea announces crackdown - as it happened,1
2017-12-28,Which big names in business are 2018’s ones to watch?,1
2017-12-29,Global markets end on record high after adding $9tn in 2017,1
2017-12-30,A record-breaking year - the global economy in 10 charts,1
2017-12-30,"WannaCry, Petya, NotPetya: how ransomware hit the big time in 2017",1
2017-12-30,Terry Smith – the man who beat the market in 2017,1
2017-12-31,"From the future of bitcoin to Facebook, 2018 in technology",0
2017-12-31,"Year of the disruptors: bitcoin, Tesla and the slow demise of cash",0
2017-12-31,"From the future of bitcoin to Facebook, 2018 in technology",0
2017-12-31,"Year of the disruptors: bitcoin, Tesla and the slow demise of cash",0
2017-12-31,The most outrageous numbers of 2017,0
2017-12-31,Ripple: cryptocurrency enjoys end-of-year surge – but will it endure?,0
2018-01-01,"Burnley 1-2 Liverpool, Stoke 0-1 Newcastle and more – as it happened",1
2018-01-03,Shares in spread betting firm Plus500 soar thanks to bitcoin boom,0
2018-01-11,Kodak leads surge of companies exploiting bitcoin buzz,1
2018-01-11,"Bitcoin and cryptocurrencies 'will come to bad end', says Warren Buffett",1
2018-01-11,"Bitcoin drops $2,000 in value as South Korea announces planned trading ban",1
2018-01-16,Bitcoin and Ethereum tumble after renewed fears of regulatory crackdown,1
2018-01-17,Bitcoin continues rapid slide as Russia and China stoke regulatory fears,1
2018-01-17,Bitcoin’s energy usage is huge – we can't afford to ignore it,1
2018-01-18,"Bitcoin bubble is bursting and has a long way to fall, economists warn",0
2018-01-18,Bitcoin's fluctuations are too much for even ransomware cybercriminals,0
2018-01-23,UBS chairman warns against bitcoin investment as cryptocurrency falls 12%,1
2018-01-24,The currency of the far-right: why neo-Nazis love bitcoin | Julia Ebner,0
2018-01-24,From bust to boom: how 50 Cent became an accidental bitcoin millionaire,0
2018-01-25,"Bitcoin won't last in world of finance, warns Nobel-winning economist",1
2018-01-28,Blockchain: so much bigger than bitcoin…,0
2018-01-28,Cryptocurrency trader 'forced at gunpoint to make bitcoin transfer',0
2018-01-28,There could be a silver lining even if the bitcoin bubble does finally burst | John Naughton,0
2018-01-28,Japan cryptocurrency exchange to refund stolen $400m,0
2018-01-29,Bitcoin and cryptocurrencies – what digital money really means for our future,1
2018-02-02,"Bitcoin biggest bubble in history, says economist who predicted 2008 crash",1
2018-02-02,"Bitcoin, titcoin, ponzicoin: jokes and scams fuel a cryptocurrency gold rush",1
2018-02-02,Bitcoin's January fall wipes off $44bn in value,1
2018-02-06,"Bitcoin price falls below $6,000 as banker signals crackdown",0
2018-02-07,Bitcoin-blocking shows that banks can help tackle debt – if they really want to | Polly Mackenzie,1
2018-02-08,ECB official backs bitcoin clampdown,0
2018-02-08,Bitcoin: what have experts said about the cryptocurrency?,0
2018-02-12,"Monday’s best TV: Collateral, Who Wants to Be a Bitcoin Millionaire?",0
2018-02-13,How Iceland became the bitcoin miners’ paradise,1
2018-02-15,"Bitcoin is 'noxious poison', says Warren Buffett's investment chief",0
2018-02-18,Gambling tycoon builds $100m bitcoin-funded Antiguan resort,1
2018-02-19,Venezuela's new bitcoin: an ingenious plan or worthless cryptocurrency?,0
2018-02-22,MPs launch inquiry into digital currencies amid cybercrime fears,1
2018-02-26,EU finance head: we will regulate bitcoin if risks are not tackled,0
2018-02-27,Self-proclaimed bitcoin 'creator' sued for $10bn,0
2018-02-27,50 Cent denies reports he is a bitcoin millionaire,0
2018-02-28,Bill Gates: cryptocurrencies have 'caused deaths in a fairly direct way',1
2018-03-02,"Bitcoin faces regulatory crackdown, Bank of England warns",0
2018-03-12,"John Oliver on cryptocurrency: 'You’re not investing, you’re gambling'",1
2018-03-13,'Fight fire with fire': IMF's Lagarde calls for bitcoin crackdown,1
2018-03-14,Google bans bitcoin adverts in cryptocurrency crackdown,1
2018-03-15,From VR porn to Kidcoin: inside the cryptocurrency trade fair,0
2018-03-18,Investors in Bitcoin and other cryptocurrencies face hefty tax bills,0
2018-03-20,Child abuse imagery found within bitcoin's blockchain,0
2018-04-10,"Bitcoin's soaring value was down to 'infected' buyers, economists say",0
2018-04-16,"Bitcoin tools could make finance system safer, says IMF boss",1
2018-04-17,"Cryptocurrency: New York launches inquiry, saying people lack 'basic facts'",1
2018-04-18,'Big bitcoin heist' suspect escapes prison and flees Iceland 'on PM's plane',0
2018-05-11,They mock vegans and eat 4lb of steak a day: meet 'carnivore dieters',1
2018-05-13,Don’t let bitcoin greed blind you to the potential of blockchain technology | John Naughton,0
2018-05-18,The crypto-future is female: bitcoin innovators push for inclusion,0
2018-05-22,South Africa kidnappers make ransom demand in bitcoin,1
2018-06-11,Bitcoin price plunges after cryptocurrency exchange is hacked,0
2018-06-14,Steve Bannon backs bitcoin and eyes his own 'deplorables' cryptocurrency,0
2018-07-29,Cryptocurrency and football: the future or too volatile to be trusted?,0
2018-08-01,"Booze, bankruptcy, brain haemorrhage: the comics turning tragedy into laughs",1
2018-08-03,Adam Hess: ‘I once dreamed I was a germ in Richard Gere’s bloodstream',1
2018-08-21,Rohingya turn to blockchain to solve identity crisis,0
2018-09-19,"Time to regulate bitcoin, says Treasury committee report",0
2018-09-19,The US-China trade war is unlikely to be settled soon | Nils Pratley,0
2018-10-11,Do decentralised web programs use as much energy as cloud-based services?,1
2018-10-28,Tommy Robinson ‘stands to make £1m’ on US speaking tour,0
2018-11-05,Should Paraguay invest its energy wealth in bitcoin ‘mining’ or fighting poverty?,0
2018-11-05,Energy cost of 'mining' bitcoin more than twice that of copper or gold,0
2018-11-10,Which Disney character contracted rabies? The Weekend quiz,0
2018-11-14,IMF says governments could set up their own cryptocurrencies,1
2018-11-20,"Bitcoin price plunges below $4,500 mark in new 2018 low",1
2018-11-20,"US stock markets continue to fall, erasing 2018 gains",1
2018-11-24,The truth about investing: women do it better than men,1
2018-11-25,Only a fool would have bought into bitcoin late last year. So guess what I did? | Arwa Mahdawi,0
2018-12-13,"Bitcoin bomb threats across Canada and US appear to be hoax, authorities say",1
2018-12-14,The bumper business Christmas quiz 2018,1
2018-12-15,UK university tells Iranian student: go home and get tuition fees in cash,1
2018-12-20,Bitcoin could be overseen by UK's financial regulator,0
2019-01-03,"Happy 10th birthday, bitcoin. It’s amazing you still exist | Tibor Fischer",1
2019-01-04,"Bitcoin: after 10 wild years, what next for cryptocurrencies?",1
2019-01-05,Seven ways technology will change in 2019,1
2019-01-11,Experience: I made $1m on bitcoin – and lost it again,1
2019-01-17,Another thing you may not know about Bitcoin: it's killing the planet  | Ethan Lou,1
2019-01-17,Thursday US briefing: Britain in Brexit deadlock as May clings on,1
2019-02-17,Mueller questions Cambridge Analytica director Brittany Kaiser,0
2019-02-17,The Uninhabitable Earth: A Story of the Future by David Wallace-Wells – review,0
2019-03-21,Cash-less? Cash only? You've got to be crazy to reject any form of payment,1
2019-03-22,Happy 60th birthday Barbie – podcasts of the week,1
2019-03-26,The furore over the fish-eating vegan influencer is a warning to us all | Arwa Mahdawi,0
2019-04-12,Medical cannabis isn’t reaching NHS patients. And I’m in too much pain to wait | James Coke,0
2019-04-18,US bitcoin trader may face death penalty in Thailand over 'sea home',0
2019-05-03,German police shut down one of world's biggest dark web sites,0
2019-05-05,The Mueller Report by the Washington Post review – the truth is out there… somewhere,1
2019-05-16,Bitcoin Billionaires by Ben Mezrich review – the tale of the Winklevoss twins,1
2019-05-16,What's the dynamic demographic running America's small businesses? Older people | Gene Marks,1
2019-05-20,Cryptocurrency scams triple in a year – at £27m total cost to victims,1
2019-05-26,Bon vivant Philip Green can do more to plug Arcadia’s pension hole,0
2019-05-30,"Far-right fundraising not taken seriously by UK, report finds",1
2019-06-03,The Guardian view on cybercrime: the law must be enforced | Editorial,1
2019-06-03,‘All we know is MONEY!’: US cities struggle to fight hackers,1
2019-06-03,"US briefing: Trump in Britain, Jared Kushner, and violence in Sudan",1
2019-06-16,Crypto is coming: get ready to spend Facebook’s money,0
2019-06-18,Libra: Facebook launches cryptocurrency in bid to shake up global finance,1
2019-06-18,Facebook's Libra launch will extend its global domination,1
2019-06-18,What is Libra? All you need to know about Facebook's new cryptocurrency,1
2019-06-19,Facebook cryptocurrency: dawn of the corporation-government | Ethan Lou,0
2019-06-19,What Beanie Babies taught a generation about the horrors of boom and bust,0
2019-06-19,Alarming and unnecessary: Facebook’s new cryptocurrency must be resisted | Charles Arthur,0
2019-06-20,Why has Facebook coined their new cryptocurrency Libra?,0
2019-06-23,Libra cryptocurrency: dare you trust Facebook with your money? | John Naughton,0
2019-06-24,"Bitcoin passes $11,000 on news of Facebook's cryptocurrency plan",0
2019-06-24,Trump blasts Fed for blowing US recovery; German business confidence slides – as it happened,0
2019-06-26,The White Paper by Satoshi Nakamoto review – the future of cryptocurrency,0
2019-06-26,"Bank of England predicts no-deal Brexit rate cut, attacks funds built on 'lies' - business live",0
2019-06-27,Art buying was supposed to be disrupted by the internet – what happened?,1
2019-06-28,Investors focus on crunch G20 meeting between Trump and Xi  - business live,0
2019-06-30,Neil Woodford’s woes mount as deadline arrives to meet withdrawal demands,1
2019-07-02,"Bitcoin price falls below $10,000 as boost from Facebook's Libra fades",0
2019-07-02,Facebook warned Libra cryptocurrency will come under close scrutiny,0
2019-07-03,FCA proposes ban on cryptocurrency products,0
2019-07-12,$32m stolen from Tokyo cryptocurrency exchange in latest hack,0
2019-07-12,Friday briefing: Trump drops bid to 'weaponise' US census,0
2019-07-16,What could happen in the Friends reboot?,1
2019-07-27,IRS warns crypto holders: dodge tax and we'll hand out stiff punishments,1
2019-08-02,"Gadgets, drug mules and a French accent: my life as a private investigator",0
2019-08-23,"Bitcoin worth £900,000 seized from hacker to compensate victims",0
2019-08-23,Mark Carney: dollar is too dominant and could be replaced by digital currency,0
2019-08-28,Australian who says he invented bitcoin ordered to hand over up to $5bn,1
2019-09-09,"Data breach may affect 50,000 Australian university students using 'Get' app",1
2019-09-13,What is an ‘executive fiat’?,1
2019-09-13,Teenager jailed for 16 years after buying handgun on dark web,1
2019-09-22,TV tonight: it's a clash of the Conservatives in Tories at War,0
2019-09-24,Lastminute.com wouldn't accept my gift card for a holiday,1
2019-09-27,The terrifying tale of the missing 'cryptoqueen' – podcasts of the week,0
2019-10-09,Unicef now accepting donations through bitcoin and ether,0
2019-10-09,"US briefing: impeachment battle, Syria crisis and California power",0
2019-10-24,Token gesture: why football wants fans to board the crypto-express,0
2019-10-24,Parliament still none the wiser over ECB’s ‘reckless gamble’ with The Hundred,0
2019-10-24,"The Fiver | As battle cries go, more Leroy Jenkins than Henry V",0
2019-11-01,Emails about Russia’s 2018 World Cup bid appear to be for sale online,0
2019-11-04,The Missing Cryptoqueen: the hunt for a multi-billion-dollar scam artist,0
2019-11-08,Jimmy Kimmel on Trump: 'Does he ever do any actual president work?',1
2019-11-13,"Wollongong dog breeder given $205,000 for aquaculture project under regional grant scheme",1
2019-11-16,Can the planet really afford the exorbitant power demands of machine learning? | John Naughton,0
2019-11-22,How badly must you do your job for your own mother to fire you? Ask Prince Andrew | Marina Hyde,1
2019-11-23,Who opened Dismaland bemusement park? The Weekend quiz of the decade,0
2019-11-23,"In uncertain times, a museum of money is a sure-fire winner",0
2019-11-23,"My changemaker of the decade, by Amal Clooney, Solange Knowles, Caitlyn Jenner and more",0
2019-11-29,Twitter chief Jack Dorsey announces plans to move to Africa,0
2019-12-13,Investors who lost $190m demand exhumation of cryptocurrency mogul,0
2019-12-31,Miranda Sawyer’s best radio and podcasts of 2019,1
2020-01-01,"US election, Brexit and China to sway the markets in 2020",0
2020-11-30,Marcus Rashford's name falsely used in bitcoin ads,0
2021-01-07,"Bitcoin tops $40,000 as investors seek hedge against inflation",0
2021-01-09,Bitcoin boom threatens to turn it into pure gold,1
2021-02-08,"Tesla buys $1.5bn in bitcoin, pushing price to new high",0
2021-02-16,"Global markets at record highs; bitcoin hits $50,000 – as it happened",0
2021-03-10,Bitcoin rise could leave carbon footprint the size of London's,0
2021-04-13,Turkey’s economic turmoil drives Bitcoin frenzy,0
2021-04-13,"Value of cryptocurrency bitcoin climbs 5% to record high of $63,000",0
2021-04-18,Bitcoin records biggest one-day drop for almost two months,1
2021-04-23,Bitcoin tumbles after reports Joe Biden will raise taxes on rich,1
2021-04-23,Australian man Craig Wright’s claim he invented bitcoin to be considered by UK court,1
2021-04-26,Can magic mushrooms really help you understand bitcoin?,0
2021-05-19,Bitcoin: why the cryptocurrency is crashing after rapid gains,1
2021-05-19,"Bitcoin plunges, then rebounds, as inflation worries hit markets – as it happened",1
2021-05-20,Bitcoin plunges after China crackdown,0
2021-05-21,Chess: Magnus Carlsen and entire world top 10 compete for volatile bitcoin,1
2021-05-23,"Glastonbury has never been about the music. Like bitcoin, it’s about emotional evangelism",1
2021-05-25,‘Time to buy’ bitcoin adverts banned in UK for being irresponsible,1
2021-05-28,Police find bitcoin mine using stolen electricity in West Midlands,1
2021-06-14,"Bitcoin price back above $40,000 after Elon Musk comments",0
2021-06-16,Savings to bitcoin: cubs and beavers to launch badge for money skills,1
2021-06-21,Morrisons shares surge 34% after takeover approach; China crackdown hits bitcoin – as it happened,1
2021-06-22,Bitcoin plunges then rebounds; UK factory growth surges; government borrowing lower in May – as it happened,0
2021-07-09,Currency and control: why China wants to undermine bitcoin,0
2021-07-10,How bitcoin and Putin are enabling the ransomware crime spree | John Naughton,1
2021-07-13,Met police seize nearly £180m of bitcoin in money laundering investigation,1
2021-07-21,"Bitcoin price slides amid EU call to make transfers traceable, and rise of  ‘stablecoins’",0
2021-07-26,FTSE 100 and EU markets mixed as bitcoin jumps on Amazon speculation – as it happened,0
2021-07-31,Out of control and rising: why bitcoin has Nigeria’s government in a panic,1
2021-08-17,Why bitcoin entrepreneurs are flocking to rural Texas,1
2021-08-23,PayPal to allow UK users to buy and sell cryptocurrencies,1
2021-08-28,It’s never boring at the barber’s when aliens and cryptocurrency are involved | Tim Adams,1
2021-08-30,Scepticism grows in El Salvador over pioneering Bitcoin gamble,1
2021-09-07,El Salvador’s bitcoin experiment goes live – as president offers tech support,1
2021-09-07,Inflation ‘may mean UK interest rates rise next year’; China’s exports jump; bitcoin slides – as it happened,1
2021-09-17,Waste from one bitcoin transaction ‘like binning two iPhones’,1
2021-10-13,"Bitcoin could trigger financial meltdown, warns Bank of England deputy",0
2021-10-18,Man jailed for kidnapping boy who was said to have made money from bitcoin,0
2021-10-20,UK petrol prices near record; inflation dips; bitcoin hits new high – as it happened,0
2021-11-06,Australian banks are opening up to cryptocurrency: what does it mean for you?,0
2021-11-09,"Bitcoin price surges to record high of more than $68,000",1
2021-11-09,Why Primark’s American dream won’t be as ill-fated as Tesco’s,1
2021-11-17,Australian Baseball League club Perth Heat to pay players in bitcoin,1
2021-11-18,Environmentalists sound alarm at US politicians’ embrace of cryptocurrency,1
2021-11-23,No pension. No savings. No future. No wonder we’re betting the house on crypto | Rohit Thawani,0
2021-11-24,India to ban private cryptocurrencies and launch official digital currency,1
2021-12-06,"Almost $12,000 wiped off value of bitcoin in weekend ‘thumping’",0
2021-12-06,Jack Dorsey’s ditched Twitter for bitcoin. Has the social media bubble burst? | Richard Seymour,0
2021-12-10,"Satoshi Nakamoto, Craig Wright and a bitcoin mystery in America",1
2021-12-14,"Bitcoin could become ‘worthless’, Bank of England warns",1
2021-12-16,A ‘false solution’? How crypto mining became the oil industry’s new hope,1
2021-12-27,How Australia’s far right uses cryptocurrencies to monetise hate online,1
2021-12-31,Stock markets in 2021: from big tech and crypto to takeovers,1
2022-01-14,Dirty cash and crypto: how the booming cryptocurrency market is open to exploitation,0
2022-01-14,Cryptocurrency ads reach record levels on London transport,0
2022-01-15,"‘Trading is gambling, no doubt about it’ – how cryptocurrency dealing fuels addiction",0
2022-01-16,Panic as Kosovo pulls the plug on its energy-guzzling bitcoin miners ,1
2022-01-16,So no one’s going to Davos: our guide to the big issues that won’t be tackled,1
2022-01-21,New York’s mayor is getting paid in bitcoin. But can he pay the bills with it?,1
2022-01-24,Omicron knocks UK and eurozone growth to 11-month lows; banknote maker De La Rue warns on profits – business live,0
2022-01-24,US stock markets see another wild day amid concerns over Fed and Ukraine,0
2022-01-25,Tales from the crypto: lira crisis fuels Bitcoin boom in Turkey,0
2022-01-25,Crypto’s gold standard claims are fading fast | Nils Pratley,0
2022-01-26,TechScape: everything you need to know about DAOs,0
2022-01-30,How do we solve bitcoin’s carbon problem?,1
2022-02-09,Can bitcoin be sustainable? Inside the Norwegian mine that also dries wood,0
2022-02-10,‘Sexy horror comedy’: Bitcoin laundering suspect is also ‘raunchy rapper’ Razzlekhan,1
2022-02-12,Bitcoin paradise? Briton creates ‘crypto utopia’ in South Pacific,1
2022-02-14,‘Heist of the century’: US bitcoin case tests ability to crack down on cybercrime,0
2022-02-18,Bitcoin miners revived a dying coal plant – then CO2 emissions soared,1
2022-02-24,"Is this the new face of organized crime? Decoding Razzlekhan, the rapping bitcoin fraudster",0
2022-02-28,"Airbnb to offer free housing to 100,000 Ukrainian refugees",0
2022-03-01,"Fund managers ditch Russian assets, global stocks slide, bitcoin rises after latest sanctions – as it happened",0
2022-03-01,Could Putin be exploring cryptocurrencies to bypass western sanctions?,0
2022-03-01,Colorado to become first US state to accept cryptocurrency tax payments ,0
2022-03-03,Every bitcoin helps: why Ukraine is soliciting for cryptocurrency donations,1
2022-03-03,Ukraine to issue non-fungible tokens to fund armed forces,1
2022-03-29,Climate groups say a change in coding can reduce bitcoin energy consumption by 99%,0
2022-03-29,"Ukrainians paying for ‘weak’ sanctions with their lives, says Zelenskiy | First Thing",0
2022-04-04,Rishi Sunak asks Royal Mint to create NFT,0
2022-04-08,Paypal founder launches tirade against ‘gerontocracy’ over bitcoin,1
2022-04-16,"PayPal’s Peter Thiel may be a ‘genius’, but I’m still not champing at the bitcoin | John Naughton",1
2022-04-20,BoE asks financial firms for £24m more to keep track of risks from crypto assets,1
2022-04-29,Green Bay Packers’ Aaron Rodgers was ‘surprised’ by Davante Adams trade,1
2022-05-06,NFTs: the great rush may be over – but are they in actual decline?,1
2022-05-07,How Russia and Ukraine are wielding hi-tech weaponry to win the war | John Naughton,1
2022-05-08,‘Crypto muggings’: thieves in London target digital investors by taking phones,1
2022-05-09,"Stocks, oil and bitcoin hit by recession worries – as it happened",1
2022-05-10,Tesco chairman calls for energy windfall tax; Markets rebound after ‘everything rout’ – as it happened,0
2022-05-11,Could terra fall prove to be Lehman Brothers moment for cryptocurrencies?,1
2022-05-12,"NFT scams, toxic 'mines' and lost life savings: the cryptocurrency dream is fading fast | David A Banks",0
2022-05-12,Turmoil and panic in crypto market as ‘stablecoin’ slump prompts wider collapse,0
2022-05-13,Elon Musk ‘still committed’ to Twitter deal after putting it on hold – as it happened,0
2022-05-13,TerraUSD ‘stablecoin’ delisted from crypto exchanges,0
2022-05-16,Q&A: the collapse of terra and what it could mean beyond crypto,1
2022-05-16,$7.6bn of ‘stablecoin’ tether redeemed since start of crypto crisis,1
2022-05-18,"Crypto crash unlikely to reduce its climate impact, expert says",1
2022-05-19,Commonwealth Bank pauses in-app cryptocurrency trading after market turmoil,0
2022-05-21,Crypto is starting to lose its cool – just look at El Salvador | Rowan Moore,0
2022-05-30,"‘Complex and volatile’: cryptocurrencies should be regulated by financial watchdogs, say consumer advocates ",0
2022-05-30,‘Don’ of a new era: the rise of Peter Thiel as a US rightwing power player,0
2022-06-01,TechScape: They used my identity to flog a doomed cryptocurrency – and then things got weird,1
2022-06-02,FBI sets sights on crypto economy with arrest of former OpenSea staffer,0
2022-06-04,Crypto has crashed – can it bounce back?,0
2022-06-04,Penny savings: taking the measure of money at the Ashmolean museum,0
2022-06-04,Cryptocurrency and tax: could you end up paying the ATO more than you earned?,0
2022-06-11,"As energy prices soar, the bitcoin miners may have struck fool’s gold | John Naughton",1
2022-06-13,Bitcoin withdrawals temporarily suspended in volatile day for crypto market,1
2022-06-14,Crypto exchanges Coinbase and BlockFi lay off hundreds of staff,1
2022-06-14,"Palantir, the all-seeing US data company keen to get into NHS health systems | Arwa Mahdawi",1
2022-06-15,Cryptocurrency ‘bloodbath’ threatens multibillion-dollar hedge fund,0
2022-06-15,TechScape: why you shouldn’t worry about sentient AI … yet,0
2022-06-17,Jay-Z’s bitcoin school met with skepticism in his former housing project: ‘I don’t have money to be losing’,0
2022-06-17,Trump a ‘clear and present danger to US democracy’ | First Thing: ,0
2022-06-17,Fight against inflation raises spectre of global recession,0
2022-06-18,"Bitcoin value slumps below $20,000 in cryptocurrencies turmoil",1
2022-06-18,Crypto panic as digital assets follow share prices in a downward spiral,1
2022-06-18,Trillion-dollar crypto collapse sparks flurry of US lawsuits – who’s to blame?,1
2022-06-20,How to Hire a Hitman review – proof that the human race is utter garbage,0
2022-06-20,TV tonight: murder goes online – can you really order a hit on the web? ,0
2022-06-22,Tether to launch stablecoin tied to pound as UK aims to become crypto hub,1
2022-06-23,"Bitcoin could stay below $69,000 peak for two years, says Binance boss",0
2022-06-24,Electricity used to mine bitcoin plummets as crypto crisis widens,0
2022-06-25,Changpeng Zhao: tech chief in the eye of the cryptocurrency storm,0
2022-06-29,Crypto crisis: how digital currencies went from boom to collapse,1
2022-06-29,Three Arrows Capital to become latest casualty of crypto crash,1
2022-07-01,EU moves to rein in ‘wild west’ of crypto assets with new rules,1
2022-07-02,NFT sales hit 12-month low after cryptocurrency crash,1
2022-07-05,‘Go home’: Honduran islanders fight against crypto colonialists,0
2022-07-05,Could new countries be founded – on the internet? | Sam Venis,0
2022-07-06,Cryptocurrency broker Voyager Digital files for bankruptcy protection,0
2022-07-06,Fit to burst: Inside the 8 July Guardian Weekly,0
2022-07-11,Texans urged to save energy as extreme heatwave strains power grid,1
2022-07-11,Anarchy in paradise: how a fringe community descended into darkness ,1
2022-07-12,‘They couldn’t even scream any more. They were just sobbing’: the amateur investors ruined by the crypto crash,1
2022-07-15,Celsius Network: crypto firm reveals $1.2bn deficit in bankruptcy filing,0
2022-07-16,Energy use from US cryptomining firms is contributing to rising utility bills,0
2022-07-21,"Natural gas prices rising in US, dampening hopes for lower inflation",1
2022-08-01,Craig Wright wins ‘only nominal damages’ of £1 in bitcoin libel case,1
2022-08-02,Man who threw away £150m in bitcoin hopes AI and robot dogs will get it back,1
2022-08-02, Trading platform Robinhood lays off nearly a quarter of staff as crypto drops,1
2022-08-03,TechScape: I’m no longer making predictions about cryptocurrency. Here’s why,1
2022-08-06,Another court case fails to unlock the mystery of bitcoin’s Satoshi Nakamoto,1
2022-08-13,Why is the Reserve Bank of Australia exploring digital currency options?,0
2022-08-24,TechScape: How a major change to ethereum could change cryptocurrency forever,1
2022-08-29,Cryptocurrency ethereum plans to cut carbon emissions by 99% with upgrade,0
2022-08-29,Crypto crash: how a teacher’s dream investment turned into a nightmare loss,0
2022-09-04,UK forces crypto exchanges to report suspected sanction breaches,0
2022-09-04,The Bullet That Missed by Richard Osman review –sleuthing sequel hits the bullseye,0
2022-09-08,Russian pranksters fool Australian MPs by posing as Navalny aides,0
2022-09-09,"When bitcoin plunges, Buttcoin cheers: the online community praying for the end of crypto",0
2022-09-10,Intelligent toaster and a ‘nappy fullness sensor’ among UK inventions in 2021,0
2022-09-12,"Crypto scammers stole £55,000 from my father",0
2022-09-14,US charges Iran trio with orchestrating vast hacking and extortion scheme,1
2022-09-15,Ethereum cryptocurrency completes move to cut CO2 output by 99%,1
2022-09-15,How does ethereum’s ‘merge’ make the cryptocurrency greener?,1
2022-09-19,South Korea asks Interpol to prevent Terra founder from fleeing extradition,0
2022-09-20,Asic bolsters its cryptocurrency team and looks to regulate more digital assets,1
2022-09-27,Terra founder wanted by Interpol tweets he is making ‘zero effort’ to hide,1
2022-09-29,"Bitcoin climate impact greater than gold mining, study shows",1
2022-10-03,Kim Kardashian to pay $1.26m to settle crypto charges,0
2022-10-06,Former Uber security chief found guilty of concealing data breach,0
2022-10-24,Chinese spy duo charged in Huawei case as US condemns ‘egregious’ interference,1
2022-10-29,‘Buying bad’: the black market where access to hacked Australian data can cost just $500,0
2022-11-01,Boris Johnson to be keynote speaker at blockchain conference in Singapore,1
2022-11-01,The Guardian view on Elon Musk’s Twitter takeover: the unfulfilled promises pile up | Editorial,1
2022-11-02,Emerging technologies: How to make sense of the new digital era,1
2022-11-03,Trevor Noah on attack ads: ‘We don’t accept this in any other job’,0
2022-11-06,The week in theatre: Something in the Air; A Dead Body in Taos – review,1
2022-11-10,What happened to FTX and could the crisis spill over to the rest of crypto?,0
2022-11-10,"Cryptocurrency exchange FTX now worthless, says key investor",0
2022-11-11,Banks are leaving the Caribbean. It’s unfair and will backfire on the west | Kenneth Mohammed,1
2022-11-11,FTX assets frozen by Bahamas regulator as crypto exchange fights for survival,1
2022-11-11,Cryptocurrency exchange FTX files for bankruptcy protection in US,1
2022-11-11,"FTX files for US bankruptcy protection, CEO Bankman-Fried resigns – as it happened",1
2022-11-14,Have you been affected by the FTX crypto exchange collapse?,0
2022-11-14,Binance boss says no one can be protected from a ‘bad player’,0
2022-11-15,China circles El Salvador’s economy as country edges toward crypto plunge,0
2022-11-15,AFL stands by Crypto.com partnership amid fears of a cryptocurrency meltdown,0
2022-11-15,TechScape: Inside the $8bn FTX crypto scandal – and its real-world impact,0
2022-11-15,Why were so many smart people so dumb about FTX? Did they seriously just like Sam Bankman-Fried’s ‘vibe’?,0
2022-11-15,Sam Bankman-Fried was hailed as a crypto wonder child. What happened? | David Gerard,0
2022-11-18,What do we know so far about collapse of crypto exchange FTX?,1
2022-11-23,"After the FTX crash, here’s what you need to know – the crypto bubble is already bursting | Carol Alexander",0
2022-11-23,Founder of failed crypto exchange FTX apologises to ex-employees,0
2022-11-24,100 people arrested in UK’s biggest fraud investigation,1
2022-11-26,Who wants to live to 100 on a diet of lentil and broccoli slurry? Mostly rich men | Gaby Hinsliff,1
2022-11-28,Crypto will survive the FTX collapse – but more scandals will follow | Kenneth Rogoff,1
2022-11-29,The man to thank for Qatar World cup betting ad crackdown: ASA chief Guy Parker,0
2022-11-30,ECB says bitcoin is on ‘road to irrelevance’ amid crypto collapse,0
2022-11-30,"Morning Mail: Australia down Danes to reach World Cup knockout, school principal faces historical abuse claim ",0
2022-12-02,Boris Johnson hails blockchain ‘possibilities’ at Singapore conference,0
2022-12-04,Corrections and clarifications,0
2022-12-10,Which fellow dystopian taught George Orwell at Eton? The Saturday quiz,0
2022-12-14,Bitcoin has rallied. What are crypto’s true believers still smoking?,1
2022-12-19,I predicted the ‘vibe shift’ – and watched it sweep the world. Here’s what it actually means,1
2022-12-23,"Cryptocurrency becomes mainstream option for money laundering and funding of terrorism, Austrac says",1
2022-12-26,‘Hack’ of UK cabinet minister’s Twitter account changes profile picture to Elon Musk,0
2022-12-27,Piers Morgan’s Twitter account abuses queen and Ed Sheeran in apparent hack,1
2023-01-01,Romantic Getaway review – Katherine Ryan and Romesh Ranganathan are brilliant in IVF heist caper,0
